clip_id,published,date_source,title,speaker,statement,paragraph,url,wayback,sha256,tier
trib-airport-could-land-22m-in-federal-money,2002-02-13T00:00:00+00:00,discovery,Airport could land $22M in federal money,"JoAnn Jenny, spokeswoman","Pittsburgh would see an increase in its entitlement funds, beginning on Oct. 1, 2002,","Pittsburgh International Airport is eligible to receive more federal money because passenger levels increased last year, even though air travel suffered greatly following the Sept. 11 terrorist attacks. The airport was one of only a few nationwide that had increased passenger traffic last year. As a result of the gain, the Allegheny County Airport Authority can tap more money from the federal Airport Improvement Program to help pay for big-ticket improvement projects, according to the Federal Aviation Administration. ""Pittsburgh would see an increase in its entitlement funds, beginning on Oct. 1, 2002,"" said Jim Peters, an FAA spokesman. ""They still have to apply, but there would be more funds made available to them."" The Airport Authority said it anticipates receiving nearly $22 million next year from the program, which Executive Director Kent George largely attributes to the agency's a",https://archive.triblive.com/news/airport-could-land-22m-in-federal-money/,https://web.archive.org/web/20260815192012/https://archive.triblive.com/news/airport-could-land-22m-in-federal-money/,7d49746ecc6c7529a109e449c21cf42100648d66fd3de5d45beb4f4d7423d774,C
trib-pittsburgh-international-airport-fares-climbing-for-3-years-,2012-08-01T00:01:15+00:00,capture,"Pittsburgh International Airport fares, climbing for 3 years, trail ...","JoAnn Jenny, spokeswoman","Cleveland's fares are above ours, so we're a much better value,","""Cleveland's fares are above ours, so we're a much better value,"" said JoAnn Jenny, spokeswoman for the Allegheny County Airport Authority. ""We have more local travelers today than we've ever had, which makes us a better airport than when we were a hub for US Airways.""",https://archive.triblive.com/business/local-stories/pittsburgh-international-airport-fares-climbing-for-3-years-trail-national-average/,,ce14f1433ebcfea64322d6f3389a0bd14e04e59514f91b12abb5ffdff566fe7e,C
trib-drilling-boom-feeds-need-for-flights-between-pittsburgh-and-,2013-02-13T00:00:00-05:00,capture,Drilling boom feeds need for flights between Pittsburgh and ...,"JoAnn Jenny, spokeswoman","That's a growing market (for airlines) in Pennsylvania,","""That's a growing market (for airlines) in Pennsylvania,"" Jenny said.",https://archive.triblive.com/news/drilling-boom-feeds-need-for-flights-between-pittsburgh-and-small-airports/,http://web.archive.org/web/20250610194918/https://archive.triblive.com/news/drilling-boom-feeds-need-for-flights-between-pittsburgh-and-small-airports/,,C
trib-ceo-big-changes-on-radar-for-pittsburgh-international-airpor,2016-08-11T01:22:25-04:00,capture,CEO: Big changes on radar for Pittsburgh International Airport,"Christina Cassotis, chief executive","This community has a great story to tell, and you wouldn't know it if you were at the airport at certain times of the day,","""This community has a great story to tell, and you wouldn't know it if you were at the airport at certain times of the day,"" Cassotis said Wednesday during a meeting with Tribune-Review reporters and editors.",https://archive.triblive.com/local/pittsburgh-allegheny/ceo-big-changes-on-radar-for-pittsburgh-international-airport/,http://web.archive.org/web/20250820212840/https://archive.triblive.com/local/pittsburgh-allegheny/ceo-big-changes-on-radar-for-pittsburgh-international-airport/,,C
trib-ceo-big-changes-on-radar-for-pittsburgh-international-airpor,2016-08-11T01:22:25-04:00,capture,CEO: Big changes on radar for Pittsburgh International Airport,"Christina Cassotis, chief executive","You need less space to heat, you need less space to cool, and we have to figure out what that right size looks like and how to modernize it in an environment where we don't raise costs, and we continue to lower them.","""You need fewer gates,"" Cassotis said. ""You need less space to heat, you need less space to cool, and we have to figure out what that right size looks like and how to modernize it in an environment where we don't raise costs, and we continue to lower them.""",https://archive.triblive.com/local/pittsburgh-allegheny/ceo-big-changes-on-radar-for-pittsburgh-international-airport/,http://web.archive.org/web/20250820212840/https://archive.triblive.com/local/pittsburgh-allegheny/ceo-big-changes-on-radar-for-pittsburgh-international-airport/,,C
trib-gov-wolf-to-evaluate-plan-to-close-budget-gap-expand-gamblin,2017-10-26T18:51:49+00:00,capture,"Gov. Wolf to evaluate plan to close budget gap, expand ...","Bob Kerlik, spokesman","This could also be another amenity for passengers,","""This could also be another amenity for passengers,"" Kerlik said. ""Any gaming at the airport would be done in a tasteful way. Anticipated revenue would depend on the number of tablets that would be installed and the percentage the airport receives.""",https://archive.triblive.com/politics/politicalheadlines/12879481-74/gov-wolf-to-evaluate-plan-to-close-budget-gap-expand-gambling-in,,,C
trib-pittsburgh-international-leveraged-incentives-and-plenty-of-,2017-12-24T01:18:49-05:00,capture,Pittsburgh International leveraged incentives and plenty of space ...,"Christina Cassotis, chief executive","More people are traveling to the airport ... as a result of all the new service that's coming into the airport,","""More people are traveling to the airport ... as a result of all the new service that's coming into the airport,"" Allegheny County Airport Authority CEO Christina Cassotis told authority board members at a meeting Dec. 15. "" We're up to 72 markets . We're two away from doubling where we were in 2014.""",https://archive.triblive.com/local/pittsburgh-allegheny/pittsburgh-international-leveraged-incentives-and-plenty-of-space-to-get-surge-in-nonstop-flights/,,9523df63ee27e075c67a5e88247624f08b90c52fe4cefb5cf7afe5270b5bb790,C
trib-spirit-airlines-pays-82-9k-in-overdue-fees-owed-to-pittsburg,2018-01-17T15:00:52+00:00,capture,Spirit Airlines pays $82.9K in overdue fees owed to Pittsburgh ...,"Bob Kerlik, spokesman","Spirit is a good partner,","""Spirit is a good partner,"" said Bob Kerlik, airport spokesman. ""The matter is being addressed.""",https://archive.triblive.com/local/pittsburgh-allegheny/spirit-airlines-pays-82-9k-in-overdue-fees-owed-to-pittsburgh-airport/,,ebd46711bbb21eda9719d70f679b0016116135b5809aa6e974c848f3af2ccb27,C
trib-designs-unveiled-for-1-1-billion-pittsburgh-airport-terminal,2019-02-20T12:01:32+00:00,capture,Designs unveiled for $1.1 billion Pittsburgh airport terminal,"Christina Cassotis, chief executive","All of this has been very much in coordination with the airlines, whose needs have to be considered, and we have to be planning for stuff we can't even imagine yet,","""All of this has been very much in coordination with the airlines, whose needs have to be considered, and we have to be planning for stuff we can't even imagine yet,"" Cassotis said, adding that the design will be flexible to allow for additional construction.",https://archive.triblive.com/local/designs-unveiled-for-1-1-billion-pittsburgh-airport-terminal/,,,C
trib-going-off-the-grid-pittsburgh-international-airport-plans-to,2019-10-18T16:39:15+00:00,capture,Pittsburgh International Airport plans to generate its own ...,"Christina Cassotis, chief executive","It meets our goals of resiliency, sustainability and cost-efficiency,","""It meets our goals of resiliency, sustainability and cost-efficiency,"" Cassotis said.",https://archive.triblive.com/local/going-off-the-grid-pittsburgh-international-airport-plans-to-generate-its-own-electric-power/,,2d9f9ed1db0bc139969a44086e6cd9e4783fb721e1f279d851b71ae74537e04d,C
trib-additive-manufacturing-campus-announced-for-pittsburgh-airpo,2019-10-25T17:59:20+00:00,discovery,Additive manufacturing site announced for Pittsburgh ...,"Christina Cassotis, chief executive","The ability to make Pittsburgh a world leader in additive manufacturing is right under our feet and all around us,","""The ability to make Pittsburgh a world leader in additive manufacturing is right under our feet and all around us,"" said Allegheny County Airport Authority CEO Christina Cassotis, as she stood on the site of the new development.",https://archive.triblive.com/local/additive-manufacturing-campus-announced-for-pittsburgh-airport-innovation-campus/,https://web.archive.org/web/20260815191602/https://archive.triblive.com/local/additive-manufacturing-campus-announced-for-pittsburgh-airport-innovation-campus/,c51b47eb66e10df393ce08a1b39f4137d01d896fe2e31c6bec480845958c0d0c,C
trib-airlines-cut-flights-out-of-pittsburgh-international-airport,2020-03-17T12:42:52+00:00,discovery,Airlines cut flights out of Pittsburgh International Airport as ...,"Christina Cassotis, chief executive","By keeping our operations running smoothly, we will be in a position to rebound along with our airline partners,","""By keeping our operations running smoothly, we will be in a position to rebound along with our airline partners,"" Cassotis wrote. ""This crisis will pass and we'll be ready for when travel comes back. And it will come back.""",https://archive.triblive.com/local/airlines-cut-flights-out-of-pittsburgh-international-airport-as-coronavirus-spreads/,http://web.archive.org/web/20260815191851/https://archive.triblive.com/local/airlines-cut-flights-out-of-pittsburgh-international-airport-as-coronavirus-spreads/,f11989abe354c2900098fd9d2520c34b9b804bb1a9148764e7e2efeee249b88b,C
trib-emergency-food-distribution-at-pittsburgh-international-airp,2020-04-21T20:06:34+00:00,capture,Emergency food distribution at Pittsburgh International ...,"Christina Cassotis, chief executive","Pittsburgh International Airport is an integral part of the community,","""Pittsburgh International Airport is an integral part of the community,"" Cassotis said. ""Our facilities will always be used to help the region. With traffic down and large, quiet spaces available, we are finding new ways to serve. We are proud to partner with the Greater Pittsburgh Community Food Bank for this event and we look forward to assisting those in need.""",https://archive.triblive.com/local/emergency-food-distribution-at-pittsburgh-international-airport-set-for-wednesday/,,,C
trib-short-term-parking-rates-rise-at-pittsburgh-airport-while-ne,2021-06-07T18:10:58+00:00,capture,Short-term parking rates rise at Pittsburgh airport while new ...,"Christina Cassotis, chief executive","After a very tough year, people want to get away from home and spend time with loved ones no matter where they may be,","""After a very tough year, people want to get away from home and spend time with loved ones no matter where they may be,"" Allegheny County Airport Authority CEO Christina Cassotis said.",https://archive.triblive.com/local/short-term-parking-rates-rise-at-pittsburgh-airport-while-new-economy-lot-offers-7-daily-rate/,,ffbe17a54f45b1c6a4c2c02c324a20aed702911bc745dde8ef1848f9b975520f,C
trib-new-1-4b-terminal-at-pittsburgh-international-airport-takes-,2022-09-28T16:11:00+00:00,discovery,$1.4B terminal at Pittsburgh International Airport takes shape,"Christina Cassotis, chief executive","This is going to make life a lot better for people who travel and everyone who uses the airport,","""This is going to make life a lot better for people who travel and everyone who uses the airport,"" Allegheny County Airport Authority CEO Christina Cassotis said.",https://archive.triblive.com/local/new-1-4b-terminal-at-pittsburgh-international-airport-takes-shape/,https://web.archive.org/web/20260815190927/https://archive.triblive.com/local/new-1-4b-terminal-at-pittsburgh-international-airport-takes-shape/,955427135badced7ffcbe6f320dee1dfd01dfc85e0a7945cffff1b43d156eacc,C
trib-unauthorized-drone-causes-ground-stoppage-at-pittsburgh-inte,2023-06-06T06:33:04+00:00,capture,Unauthorized drone causes ground stoppage at Pittsburgh ...,"Bob Kerlik, spokesman","Drones can pose safety risks to aviation and unauthorized operators in protected airspace can be fined or face charges,","""Drones can pose safety risks to aviation and unauthorized operators in protected airspace can be fined or face charges,"" Kerlik said in a statement.",https://archive.triblive.com/local/unauthorized-drone-causes-ground-stoppage-at-pittsburgh-international-airport/,,,C
trib-planning-and-patience-required-when-traveling-with-children-,2023-11-20T19:38:05+00:00,capture,Planning and patience required when traveling with ...,"Bob Kerlik, spokesman","The most important piece of advice for those coming to the airport with children is planning,","""The most important piece of advice for those coming to the airport with children is planning,"" said Bob Kerlik, director of public affairs for the airport, who agrees with Weigler that arriving more than two hours ahead is best.",https://archive.triblive.com/local/regional/planning-and-patience-required-when-traveling-with-children-over-the-holidays/,,a0f10fba8a440a04c0a5b51042a2c811ef5e1d7efa27830a026b0dccff0c50b8,C
trib-planning-and-patience-required-when-traveling-with-children-,2023-11-20T19:38:05+00:00,capture,Planning and patience required when traveling with ...,"Bob Kerlik, spokesman","Take the time before you leave the house to make sure you have everything you need,","""Take the time before you leave the house to make sure you have everything you need,"" Kerlik said. ""If you have strollers and car seats … that might require more time, so make sure you allow for that. Contact the airline because they may differ when it comes to checking things such as strollers and car seats.""",https://archive.triblive.com/local/regional/planning-and-patience-required-when-traveling-with-children-over-the-holidays/,,a0f10fba8a440a04c0a5b51042a2c811ef5e1d7efa27830a026b0dccff0c50b8,C
trib-construction-at-1-5b-pittsburgh-international-airport-termin,2024-02-29T14:08:15+00:00,capture,Construction of $1.5B Pittsburgh International Airport ...,"Paul Hoback, chief development officer","There is a pretty big window of time between construction being completed and opening,","""There is a pretty big window of time between construction being completed and opening,"" Hoback said.",https://archive.triblive.com/local/construction-at-1-5b-pittsburgh-international-airport-terminal-passes-halfway-mark-officials-say/,,,C
trib-construction-at-1-5b-pittsburgh-international-airport-termin,2024-02-29T14:08:15+00:00,capture,Construction of $1.5B Pittsburgh International Airport ...,"Paul Hoback, chief development officer","This is going to be our Fort Pitt moment to the new airside mezzanine,","""This is going to be our Fort Pitt moment to the new airside mezzanine,"" Hoback said.",https://archive.triblive.com/local/construction-at-1-5b-pittsburgh-international-airport-terminal-passes-halfway-mark-officials-say/,,,C
trib-rebounding-pittsburgh-airport-pledges-shorter-security-wait-,2024-07-02T18:39:04+00:00,capture,Rebounding Pittsburgh airport pledges shorter security ...,"Bob Kerlik, spokesman","We are going to see crowds like we did last week throughout the summer,","""We are going to see crowds like we did last week throughout the summer,"" Kerlik said Monday.",https://archive.triblive.com/local/rebounding-pittsburgh-airport-pledges-shorter-security-wait-times-at-new-terminal/,,44e99fe2e95bdb5e8a051daeaae082d42f40e2be374c59c09dde3a44dabcc688,C
trib-rebounding-pittsburgh-airport-pledges-shorter-security-wait-,2024-07-02T18:39:04+00:00,capture,Rebounding Pittsburgh airport pledges shorter security ...,"Bob Kerlik, spokesman","With the new terminal, what you are going to see is an expanded and consolidated security checkpoint,","""With the new terminal, what you are going to see is an expanded and consolidated security checkpoint,"" Kerlik said. ""That way we will be able to maximize staff and get people through the lines much more quickly.""",https://archive.triblive.com/local/rebounding-pittsburgh-airport-pledges-shorter-security-wait-times-at-new-terminal/,,44e99fe2e95bdb5e8a051daeaae082d42f40e2be374c59c09dde3a44dabcc688,C
trib-rebounding-pittsburgh-airport-pledges-shorter-security-wait-,2024-07-02T18:39:04+00:00,capture,Rebounding Pittsburgh airport pledges shorter security ...,"Bob Kerlik, spokesman","Now the hub is gone, but the number of the people using the security checkpoint has about doubled,","""Now the hub is gone, but the number of the people using the security checkpoint has about doubled,"" Kerlik said.",https://archive.triblive.com/local/rebounding-pittsburgh-airport-pledges-shorter-security-wait-times-at-new-terminal/,,44e99fe2e95bdb5e8a051daeaae082d42f40e2be374c59c09dde3a44dabcc688,C
trib-rebounding-pittsburgh-airport-pledges-shorter-security-wait-,2024-07-02T18:39:04+00:00,capture,Rebounding Pittsburgh airport pledges shorter security ...,"Bob Kerlik, spokesman","Not only will there be more, we are getting them all in one spot with a lot more space to operate,","""Not only will there be more, we are getting them all in one spot with a lot more space to operate,"" Kerlik said.",https://archive.triblive.com/local/rebounding-pittsburgh-airport-pledges-shorter-security-wait-times-at-new-terminal/,,44e99fe2e95bdb5e8a051daeaae082d42f40e2be374c59c09dde3a44dabcc688,C
trib-british-airways-to-expand-flights-from-pittsburgh-to-london,2024-09-17T11:23:04+00:00,capture,British Airways to expand flights from Pittsburgh to London,"Christina Cassotis, chief executive","This investment to increase service demonstrates the continued popularity international travel has from our market,","""This investment to increase service demonstrates the continued popularity international travel has from our market,"" Cassotis said. ""We expect daily service next summer will further grow demand and the economic impact this route has in our region.""",https://archive.triblive.com/local/british-airways-to-expand-flights-from-pittsburgh-to-london/,,,C
trib-terminal-tour-a-look-inside-pit-construction,2025-05-13T20:46:45+00:00,discovery,A look inside nearly finished Pittsburgh International Airport ...,"Paul Hoback, chief development officer","Staffing levels are expected to remain close to current levels,","""Staffing levels are expected to remain close to current levels,"" Hoback said, ""with adjustments based on operational needs.""",https://triblive.com/lifestyles/travel/terminal-tour-a-look-inside-pit-construction/,http://web.archive.org/web/20250724175108/https://triblive.com/lifestyles/travel/terminal-tour-a-look-inside-pit-construction/,89bcf5a679c8f9b7ee8ad928c747e3069bdff293536934e2de198993b7b958bb,C
trib-volunteers-needed-to-take-pittsburgh-international-airports-,2025-07-01T07:55:47+00:00,capture,Volunteers needed to take Pittsburgh International Airport's ...,"Christina Cassotis, chief executive","A strong trial program ensures that when the new PIT opens, our team is confident, prepared and ready to deliver a world-class travel experience for passengers,","""A strong trial program ensures that when the new PIT opens, our team is confident, prepared and ready to deliver a world-class travel experience for passengers,"" said Christina Cassotis, authority chief executive officer, in a statement . ""It's our opportunity to uncover challenges, validate our processes and build confidence so that when we open, we are fully prepared to deliver a world-class airport experience.""",https://triblive.com/local/volunteers-needed-to-take-pittsburgh-international-airports-new-terminal-for-test-flight/,http://web.archive.org/web/20250701153122/https://triblive.com/local/volunteers-needed-to-take-pittsburgh-international-airports-new-terminal-for-test-flight/,403039875db58ca6efa1ba55442d937a1eed5c4f7438c5909f172a39810c9aa6,C
trib-5-things-travelers-can-expect-at-the-new-pittsburgh-internat,2025-07-23T18:06:30+00:00,discovery,5 things travelers can expect at the new Pittsburgh ...,"Paul Hoback, chief development officer","We want this place to be a destination,","""We want this place to be a destination,"" Hoback said. ""People love to come to the airport. Our hope is we can have events here and invite the public out to enjoy — especially post pandemic, where outdoor spaces have become so important.""",https://triblive.com/lifestyles/travel/5-things-travelers-can-expect-at-the-new-pittsburgh-international-airport-terminal/,http://web.archive.org/web/20250724001628/https://triblive.com/lifestyles/travel/5-things-travelers-can-expect-at-the-new-pittsburgh-international-airport-terminal/,6cd3b43722acbb0471e7d1f7646d85c1b0f2ad74804f43a0291c3fc7476d587e,C
trib-bell-acres-resident-christina-cassotis-leads-pittsburgh-inte,2025-10-09T08:01:00+00:00,capture,Bell Acres resident Christina Cassotis leads Pittsburgh ...,"Christina Cassotis, chief executive",I am a big believer in supporting local. Sewickley reminds me of New England with the tree-lined sidewalks and Sewickley Village.,"Details Finding a home Living close to the airport was one of the amenities Cassotis said she, her husband Tim Fitzgerald, who is retired, and their son, Timothy Fitzgerald, wanted. They also wanted to be in a good school district, have a house with a pool and live close to a golf course. They found all of that and more in Bell Acres. She said there are lots of good places to shop and eat, such as Mediterra, Vivo Kitchen, The Bridgeside Market, Caliente Pizza, Slippery Mermaid, The Ultimate Pastry Shop, Moonlit Burgers and Torogoz. She likes Mic's Market and tries to get to the Sewickley farmers market often and supports the Sewickley Valley Library, YMCA and Sewickley Shoe Repair. She gets her hair done in Sewickley. Sewickley has great shops, too, she said. ""We love the area,"" she said.""I am a big believer in supporting local. Sewickley reminds me of New England with the tree-lined sid",https://triblive.com/local/sewickley/bell-acres-resident-christina-cassotis-leads-pittsburgh-international-airport-into-a-new-era/,http://web.archive.org/web/20251009121816/https://triblive.com/local/sewickley/bell-acres-resident-christina-cassotis-leads-pittsburgh-international-airport-into-a-new-era/,,C
trib-new-airport-terminal-built-by-pittsburghers-for-pittsburgher,2025-10-11T14:19:58+00:00,capture,"New airport terminal 'built by Pittsburghers, for Pittsburghers'","Christina Cassotis, chief executive","The building design was always aspirational,","""The building design was always aspirational,"" said Christina Cassotis, CEO of the Allegheny County Airport Authority, which operates Pittsburgh International Airport and Allegheny County Airport. ""It was meant and designed to work for everyone, for actual people who travel through and work in an airport.",https://triblive.com/local/regional/new-airport-terminal-built-by-pittsburghers-for-pittsburghers/,http://web.archive.org/web/20260217154150/https://triblive.com/local/regional/new-airport-terminal-built-by-pittsburghers-for-pittsburghers/,1e5768d02d9e73055ff12155e93a5e7d52e7395702894bc5bef4ab34dd425a73,C
trib-pittsburgh-international-airport-new-terminal-set-to-open,2025-11-10T15:57:43+00:00,capture,Pittsburgh International Airport's new terminal set to open,"Christina Cassotis, chief executive","This is a new day for our region. This is an airport built for Pittsburgh, by Pittsburgh. It improves the passenger experience and ensures this region remains on a global stage,","""This is a new day for our region. This is an airport built for Pittsburgh, by Pittsburgh. It improves the passenger experience and ensures this region remains on a global stage,"" Pittsburgh International Airport CEO Christina Cassotis said Monday in a news release.",https://triblive.com/lifestyles/travel/pittsburgh-international-airport-new-terminal-set-to-open/,http://web.archive.org/web/20260103111554/https://triblive.com/lifestyles/travel/pittsburgh-international-airport-new-terminal-set-to-open/,cce9a86e649ecefd5546592c1872f1cbbc2ec0cc6b09c7aaf77538d6769c0959,C
trib-pittsburgh-international-airport-new-terminal-set-to-open,2025-11-10T15:57:43+00:00,capture,Pittsburgh International Airport's new terminal set to open,"Christina Cassotis, chief executive","You will get a sense of what Pittsburgh is from the minute you land,","""You will get a sense of what Pittsburgh is from the minute you land,"" Cassotis said in the news release. ""And I think Pittsburghers will be surprised that there's as much to brag about and feel proud about, that we can tell other people about.""",https://triblive.com/lifestyles/travel/pittsburgh-international-airport-new-terminal-set-to-open/,http://web.archive.org/web/20260103111554/https://triblive.com/lifestyles/travel/pittsburgh-international-airport-new-terminal-set-to-open/,cce9a86e649ecefd5546592c1872f1cbbc2ec0cc6b09c7aaf77538d6769c0959,C
trib-pittsburgh-airport-sees-flight-disruptions-abating-in-time-f,2025-11-13T15:35:34+00:00,capture,Pittsburgh airport sees flight disruptions abating in time for ...,"Bob Kerlik, spokesman","We are lucky in Pittsburgh, comparatively,","""We are lucky in Pittsburgh, comparatively,"" Kerlik said Thursday during a tour of the new terminal's parking setup.",https://triblive.com/local/pittsburgh-airport-sees-flight-disruptions-abating-in-time-for-new-terminal-opening/,,dbf02f724a0fd1acd85175726dd0610082eca853a312477c07d6276ef63ea04f,C
trib-so-far-so-good-for-new-pittsburgh-airport-terminal-but-thank,2025-11-19T07:00:36+00:00,capture,"So far, so good for new Pittsburgh airport terminal, but ...","Christina Cassotis, chief executive","It gives everybody a chance to test, take the final exam for all the quizzes we've been taking through the open houses and trials,","""It gives everybody a chance to test, take the final exam for all the quizzes we've been taking through the open houses and trials,"" Cassotis said.",https://triblive.com/local/regional/so-far-so-good-for-new-pittsburgh-airport-terminal-but-thanksgiving-test-awaits/,http://web.archive.org/web/20251119120820/https://triblive.com/local/regional/so-far-so-good-for-new-pittsburgh-airport-terminal-but-thanksgiving-test-awaits/,78c27e4c0bb30dd0a9b5cfb2ca9c5687fa2e0d046b8d12c187fbe81d3dcd1df1,C
trib-lights-camera-takeoff-former-pittsburgh-airport-terminal-reb,2026-04-15T17:24:05+00:00,capture,"Lights, camera, takeoff: Former Pittsburgh airport terminal ...","Christina Cassotis, chief executive","With 150 nonstop flights daily and new direct service between Pittsburgh and Los Angeles, logistics couldn't be simpler,","""With 150 nonstop flights daily and new direct service between Pittsburgh and Los Angeles, logistics couldn't be simpler,"" Cassotis said in the video.",https://triblive.com/aande/movies-tv/lights-camera-takeoff-former-pittsburgh-airport-terminal-rebranded-as-film-set/,http://web.archive.org/web/20260416095219/https://triblive.com/aande/movies-tv/lights-camera-takeoff-former-pittsburgh-airport-terminal-rebranded-as-film-set/,36e07ecbe79cefe0244dd2891c7d702bf3e276b5fc76abacbdb935ba5d87f744,C
trib-lights-camera-takeoff-former-pittsburgh-airport-terminal-reb,2026-04-15T17:24:05+00:00,capture,"Lights, camera, takeoff: Former Pittsburgh airport terminal ...","Bob Kerlik, spokesman","Working with the Pittsburgh Film Office is part of that plan. We're supportive of their efforts to position this site as a potential filming location as we look to generate economic impact for the region until a final decision on the old terminal is made,","""Working with the Pittsburgh Film Office is part of that plan. We're supportive of their efforts to position this site as a potential filming location as we look to generate economic impact for the region until a final decision on the old terminal is made,"" Kerlik said in a message to TribLive.",https://triblive.com/aande/movies-tv/lights-camera-takeoff-former-pittsburgh-airport-terminal-rebranded-as-film-set/,http://web.archive.org/web/20260416095219/https://triblive.com/aande/movies-tv/lights-camera-takeoff-former-pittsburgh-airport-terminal-rebranded-as-film-set/,36e07ecbe79cefe0244dd2891c7d702bf3e276b5fc76abacbdb935ba5d87f744,C
trib-american-airlines-plane-makes-emergency-landing-at-pittsburg,2026-06-12T16:53:24+00:00,capture,American Airlines plane makes emergency landing at ...,"Bob Kerlik, spokesman",landed safely without incident,"Pittsburgh International spokesman Bob Kerlik said the flight ""landed safely without incident"" following an ""aircraft issue"" and taxied to the gate. The plane was still at the gate as of 4:45 p.m., he said.",https://triblive.com/local/american-airlines-plane-makes-emergency-landing-at-pittsburgh-international/,,,C
trib-pittsburgh-international-applies-for-12-5-million-in-grants-,2026-06-26T17:16:01+00:00,capture,Pittsburgh International Airport applies for $12.5 million in ...,"Christina Cassotis, chief executive","(Cassotis) always made us reach for the stars, and look what we accomplished,","""(Cassotis) always made us reach for the stars, and look what we accomplished,"" Minnotte said.",https://triblive.com/local/pittsburgh-international-applies-for-12-5-million-in-grants-to-upgrade-airfield/,,e36307f17e45f3bb9786000a1d5e3e9afe4baabf095b0f08265288bfedaee3bb,C
trib-pittsburgh-international-airport-is-taking-out-2-of-its-peop,2026-08-12T17:00:46+00:00,capture,Pittsburgh International Airport is removing 2 of its people ...,"Bob Kerlik, spokesman","have reached the end of their useful lives,","Airport spokesman Bob Kerlik said in a statement that the outgoing people movers ""have reached the end of their useful lives,"" and the changes are meant to improve passenger flow.",https://triblive.com/local/pittsburgh-international-airport-is-taking-out-2-of-its-people-movers/,,390e0edb242ff234519c9598143322a12ea5fc3ec663f931333a1e2063fd3eef,C
trib-pittsburgh-international-airport-is-taking-out-2-of-its-peop,2026-08-12T17:00:46+00:00,capture,Pittsburgh International Airport is removing 2 of its people ...,"Bob Kerlik, spokesman","The removal of the two people movers at the beginning of A and B Concourses will relieve congestion at the busiest gate areas of the airport and allow for better movement of passengers to access other gates, amenities and concessions,","""The removal of the two people movers at the beginning of A and B Concourses will relieve congestion at the busiest gate areas of the airport and allow for better movement of passengers to access other gates, amenities and concessions,"" Kerlik said.",https://triblive.com/local/pittsburgh-international-airport-is-taking-out-2-of-its-people-movers/,,390e0edb242ff234519c9598143322a12ea5fc3ec663f931333a1e2063fd3eef,C
trib-3843063,,none,5 things travelers can expect at the new Pittsburgh ...,"Paul Hoback, chief development officer","We're in good shape to continue on track to open in the fourth quarter of this year,","""We're in good shape to continue on track to open in the fourth quarter of this year,"" said Paul Hoback, executive vice president and chief development officer for the Allegheny County Airport Authority. ""We're coming to substantial completion.""",https://community.triblive.com/news/3843063,http://web.archive.org/web/20250724001632/https://community.triblive.com/news/3843063,105e88716dba8c336df01ce7037bba005043cc4724c4203e3f027d500f56e315,C
trib-3843063,,none,5 things travelers can expect at the new Pittsburgh ...,"Paul Hoback, chief development officer","It's much improved from what our customs is now,","""It's much improved from what our customs is now,"" Hoback said. ""It is 33 years old and in desperate need of an upgrade.""",https://community.triblive.com/news/3843063,http://web.archive.org/web/20250724001632/https://community.triblive.com/news/3843063,105e88716dba8c336df01ce7037bba005043cc4724c4203e3f027d500f56e315,C
trib-3915026,,none,Airline travelers in Pittsburgh prepare for flight disruptions,"Bob Kerlik, spokesman","While Pittsburgh International Airport is not among a published list of 40 airports impacted, we do have nonstop service to several of those markets. We advise passengers to check with their airline before coming to the airport in order to closely follow their flight status,","""While Pittsburgh International Airport is not among a published list of 40 airports impacted, we do have nonstop service to several of those markets. We advise passengers to check with their airline before coming to the airport in order to closely follow their flight status,"" Kerlik said.",https://community.triblive.com/news/3915026,https://web.archive.org/web/20251107004705/https://community.triblive.com/news/3915026,f802920bd6f149054f3a49db60058e2ae4303ecf90a730645c58c495ae739104,C
trib-3895522,,none,Bell Acres resident Christina Cassotis leads Pittsburgh ...,"Christina Cassotis, chief executive","I took the job to help Pittsburgh redefine its business model,","""I took the job to help Pittsburgh redefine its business model,"" said Cassotis, CEO of the Allegheny County Airport Authority, which operates Pittsburgh International Airport and Allegheny County Airport. ""Hubs were over in the Midwest. I said to the board and the county executive, ‘I can help you get more airline services. You can't be a hub. It's not about the airport. It's about the market.' """,https://community.triblive.com/news/3895522,http://web.archive.org/web/20251009135054/https://community.triblive.com/news/3895522,,C
trib-3895522,,none,Bell Acres resident Christina Cassotis leads Pittsburgh ...,"Christina Cassotis, chief executive",there are enough people to fill a plane.,"Cassotis said that the airport will get more international flights when ""there are enough people to fill a plane."" Because, like with anything else, demand drives decisions.",https://community.triblive.com/news/3895522,http://web.archive.org/web/20251009135054/https://community.triblive.com/news/3895522,,C
trib-3895522,,none,Bell Acres resident Christina Cassotis leads Pittsburgh ...,"Christina Cassotis, chief executive","It's about prioritizing travelers and employees,","""It's about prioritizing travelers and employees,"" Cassotis said.",https://community.triblive.com/news/3895522,http://web.archive.org/web/20251009135054/https://community.triblive.com/news/3895522,,C
trib-3895522,,none,Bell Acres resident Christina Cassotis leads Pittsburgh ...,"Christina Cassotis, chief executive","The trials have gone well,","""The trials have gone well,"" Cassotis said. ""We don't want any surprises on day one with the public.""",https://community.triblive.com/news/3895522,http://web.archive.org/web/20251009135054/https://community.triblive.com/news/3895522,,C
trib-7a6191a85a21c193ab90dc89f1327497,,none,Pittsburgh airport officials unveil plans for Fort Pitt Tunnel ...,"Paul Hoback, chief development officer","The connector bridge is supposed to emulate the idea of compression and then expansion,","""The connector bridge is supposed to emulate the idea of compression and then expansion,"" said Paul Hoback, the authority's chief development officer.",https://community.triblive.com/news/7a6191a85a21c193ab90dc89f1327497,,bc15fbef6a3eecda1be47fd66c48906d8f6e6dd012ff958b0879f174b691540c,C
trib-7a6191a85a21c193ab90dc89f1327497,,none,Pittsburgh airport officials unveil plans for Fort Pitt Tunnel ...,"Christina Cassotis, chief executive","We were not going to shut down the tram for three years and bus people between the gates and terminal,","""We were not going to shut down the tram for three years and bus people between the gates and terminal,"" Cassotis said.",https://community.triblive.com/news/7a6191a85a21c193ab90dc89f1327497,,bc15fbef6a3eecda1be47fd66c48906d8f6e6dd012ff958b0879f174b691540c,C
trib-7a6191a85a21c193ab90dc89f1327497,,none,Pittsburgh airport officials unveil plans for Fort Pitt Tunnel ...,"Christina Cassotis, chief executive",building the right airport,"Cassotis said the bridge and the rest of the new terminal are part of the authority's mission of ""building the right airport"" for the Pittsburgh region. She said 85% of the work is being completed by local contractors, and the design of the new roof symbolizes the region's rolling hills.",https://community.triblive.com/news/7a6191a85a21c193ab90dc89f1327497,,bc15fbef6a3eecda1be47fd66c48906d8f6e6dd012ff958b0879f174b691540c,C
trib-3881695,,none,Pittsburgh airport's traveler satisfaction likely to rise with ...,"Bob Kerlik, spokesman","We're glad to have moved up this year, but we are aware that our existing facilities don't match the needs of the Pittsburgh market today,","""We're glad to have moved up this year, but we are aware that our existing facilities don't match the needs of the Pittsburgh market today,"" said Bob Kerlik, a Allegheny County Airport Authority spokesman. ""That's why we're building Pittsburgh's new airport.""",https://community.triblive.com/news/3881695,http://web.archive.org/web/20250918190108/https://community.triblive.com/news/3881695,aee977208862ddf8396d6d85ddac82d87d19b3ea1fa4cc3360236ca2dca39222,C
trib-3881695,,none,Pittsburgh airport's traveler satisfaction likely to rise with ...,"Bob Kerlik, spokesman","We have worked to minimize travel disruptions for passengers during construction,","""We have worked to minimize travel disruptions for passengers during construction,"" Kerlik's statement said.",https://community.triblive.com/news/3881695,http://web.archive.org/web/20250918190108/https://community.triblive.com/news/3881695,aee977208862ddf8396d6d85ddac82d87d19b3ea1fa4cc3360236ca2dca39222,C
trib-88a36eb2baf08f4513f51b3a22715f5d,,none,Pittsburgh International Airport has busiest month in nearly ...,"Christina Cassotis, chief executive","What that means is that we are beating our forecasts for the year,","""What that means is that we are beating our forecasts for the year,"" Cassotis said.",https://community.triblive.com/c/pittsburgh-airport-area-news/news/88a36eb2baf08f4513f51b3a22715f5d,,,C
trib-3939598,,none,Pittsburgh International Airport to offer nonstop flights ...,"Christina Cassotis, chief executive","The Pittsburgh region's connection to Ireland runs deep, and this is a route that community leaders have been seeking,","""The Pittsburgh region's connection to Ireland runs deep, and this is a route that community leaders have been seeking,"" said Christina Cassotis, CEO of Pittsburgh International Airport. ""We are thrilled to have a partner in Aer Lingus.""",https://community.triblive.com/news/3939598,http://web.archive.org/web/20251211165755/https://community.triblive.com/news/3939598,addec1ee0c022515ca5cf1f9c2d550b7596bd4a60228f5fa5bac4b576e983d9e,C
trib-4073723,,none,"Rising airfare, gas prices prompt Western Pennsylvanians ...","Bob Kerlik, spokesman","In terms of passenger traffic, we're about flat. We're about right, exactly where we were last year in terms of passengers traveled through April,","""In terms of passenger traffic, we're about flat. We're about right, exactly where we were last year in terms of passengers traveled through April,"" said Bob Kerlik, vice president of media relations for the Allegheny County Airport Authority.",https://community.triblive.com/news/4073723,https://web.archive.org/web/20260815200112/https://community.triblive.com/news/4073723,163f4edcf3abc91ff0d100dc8d8b126f18264c25d91bd5be3a4fd2322389b4ee,C
